City_ID,City,Country,Date,Lat,Lng,Max Temp,Humidity,Cloudiness,Wind Speed
0,Khatanga,RU,2021-04-13 04:39:11,71.9667,102.5,24.48,87,100,12.1
1,Maniitsoq,GL,2021-04-13 04:39:12,65.4167,-52.9,28.9,74,78,8.39
2,Qurayyat,SA,2021-04-13 04:39:12,31.3318,37.3428,44.6,76,0,6.24
3,Ushuaia,AR,2021-04-13 04:39:12,-54.8,-68.3,48.2,46,40,24.16
4,Kavieng,PG,2021-04-13 04:39:13,-2.5744,150.7967,82.4,60,100,13.8
5,Cherskiy,RU,2021-04-13 04:39:13,68.75,161.3,1.8,77,24,2.21
6,Tuktoyaktuk,CA,2021-04-13 04:39:13,69.4541,-133.0374,12.2,73,75,12.66
7,Tire,TR,2021-04-13 04:39:14,38.0888,27.7351,42.8,87,15,6.91
8,Luganville,VU,2021-04-13 04:39:14,-15.5333,167.1667,83.79,74,100,7.45
9,Taoudenni,ML,2021-04-13 04:29:18,22.6783,-3.9836,84.27,13,0,6.02
10,Comoapan,MX,2021-04-13 04:39:14,18.4167,-95.1667,76.71,56,0,6.53
11,Bluff,NZ,2021-04-13 04:39:15,-46.6,168.3333,55.99,95,99,1.01
12,Geraldton,AU,2021-04-13 04:30:10,-28.7667,114.6,69.8,52,75,14.97
13,Harnosand,SE,2021-04-13 04:39:15,62.6323,17.9379,32.0,100,90,2.3
14,Katsuura,JP,2021-04-13 04:39:15,35.1333,140.3,66.2,59,75,23.02
15,Port Lincoln,AU,2021-04-13 04:29:30,-34.7333,135.8667,73.04,35,37,29.53
16,Punta Arenas,CL,2021-04-13 04:38:13,-53.15,-70.9167,44.6,76,75,16.11
17,Tomelloso,ES,2021-04-13 04:39:16,39.1522,-3.0243,46.99,89,91,4.34
18,Port Alfred,ZA,2021-04-13 04:39:16,-33.5906,26.891,68.13,93,100,6.58
19,Avarua,CK,2021-04-13 04:39:16,-21.2078,-159.775,80.6,69,6,3.44
20,Hilo,US,2021-04-13 04:39:17,19.7297,-155.09,77.0,57,20,8.05
21,Dunedin,NZ,2021-04-13 04:30:13,-45.8742,170.5036,57.0,84,100,1.99
22,Mar Del Plata,AR,2021-04-13 04:38:21,-38.0023,-57.5575,62.01,87,0,5.75
23,Aketi,CD,2021-04-13 04:36:13,2.7388,23.7833,69.4,98,100,2.21
24,Beringovskiy,RU,2021-04-13 04:39:17,63.05,179.3167,13.89,89,100,21.9
25,Kapaa,US,2021-04-13 04:39:17,22.0752,-159.319,73.4,73,40,18.41
26,Rawson,AR,2021-04-13 04:39:18,-43.3002,-65.1023,65.1,52,0,8.61
27,Rikitea,PF,2021-04-13 04:39:18,-23.1203,-134.9692,78.35,69,3,9.22
28,Itoman,JP,2021-04-13 04:39:18,26.1247,127.6694,80.01,78,20,8.05
29,Misratah,LY,2021-04-13 04:39:19,32.3754,15.0925,61.97,80,19,6.17
30,Busselton,AU,2021-04-13 04:39:19,-33.65,115.3333,63.0,67,100,5.99
31,Upernavik,GL,2021-04-13 04:39:19,72.7868,-56.1549,23.18,97,100,5.03
32,Hay River,CA,2021-04-13 04:39:20,60.8156,-115.7999,37.4,41,92,12.66
33,Alem Paraiba,BR,2021-04-13 04:39:20,-21.8878,-42.7044,64.98,91,1,4.65
34,Bethel,US,2021-04-13 04:39:20,41.3712,-73.414,44.01,84,100,1.99
35,Lansdale,US,2021-04-13 04:35:16,40.2415,-75.2838,48.2,87,90,1.95
36,San Patricio,US,2021-04-13 04:39:20,28.017,-97.5169,77.0,88,90,13.8
37,Bela,IN,2021-04-13 04:39:21,25.9333,81.9833,104.04,5,0,9.31
38,Flin Flon,CA,2021-04-13 04:39:21,54.7682,-101.865,25.36,77,100,12.53
39,Bredasdorp,ZA,2021-04-13 04:39:21,-34.5322,20.0403,62.6,88,35,4.61
40,Faya,SA,2021-04-13 04:39:22,18.3851,42.4509,64.4,48,0,11.5
41,Yugorsk,RU,2021-04-13 04:39:22,61.3133,63.3319,42.67,64,97,12.37
42,Pevek,RU,2021-04-13 04:39:22,69.7008,170.3133,-5.78,91,74,4.07
43,Saint George,US,2021-04-13 04:37:04,37.1041,-113.5841,68.0,11,1,18.41
44,Beisfjord,NO,2021-04-13 04:39:23,68.3751,17.5988,28.4,74,40,2.3
45,Ibaiti,BR,2021-04-13 04:39:23,-23.8486,-50.1878,66.99,99,49,3.0
46,Arraial Do Cabo,BR,2021-04-13 04:39:23,-22.9661,-42.0278,76.66,80,18,18.48
47,Cape Town,ZA,2021-04-13 04:38:06,-33.9258,18.4232,60.01,100,2,1.14
48,Takaka,NZ,2021-04-13 04:39:24,-40.85,172.8,59.0,87,45,5.99
49,Nadym,RU,2021-04-13 04:30:19,65.5333,72.5167,32.94,77,51,25.86
50,Pecos,US,2021-04-13 04:39:24,31.4229,-103.4932,66.2,26,1,12.66
51,Yellowknife,CA,2021-04-13 04:37:44,62.456,-114.3525,23.0,63,75,24.16
52,Port Macquarie,AU,2021-04-13 04:39:24,-31.4333,152.9167,71.6,46,0,5.75
53,Mattru,SL,2021-04-13 04:39:25,7.6244,-11.8332,76.41,89,87,2.24
54,Tiksi,RU,2021-04-13 04:39:25,71.6872,128.8694,19.33,74,32,11.3
55,East London,ZA,2021-04-13 04:38:03,-33.0153,27.9116,69.8,94,75,2.3
56,Necochea,AR,2021-04-13 04:39:25,-38.5473,-58.7368,55.99,88,0,1.99
57,Sibolga,ID,2021-04-13 04:39:26,1.7427,98.7792,85.23,66,81,4.45
58,Durres,AL,2021-04-13 04:39:26,41.3231,19.4414,50.0,87,75,3.44
59,Burriana,ES,2021-04-13 04:39:26,39.889,-0.085,51.01,79,77,1.5
60,Aiquile,BO,2021-04-13 04:39:27,-18.2041,-65.1807,52.27,97,60,1.83
61,Auki,SB,2021-04-13 04:39:27,-8.7676,160.7034,83.14,75,26,1.25
62,Port Elizabeth,ZA,2021-04-13 04:37:59,-33.918,25.5701,64.4,94,90,3.44
63,Visnes,NO,2021-04-13 04:39:27,59.3556,5.2242,39.2,65,20,21.85
64,Honghu,CN,2021-04-13 04:39:28,29.8206,113.4621,71.69,62,93,6.87
65,Lebu,CL,2021-04-13 04:39:28,-37.6167,-73.65,55.76,91,1,14.83
66,Nikolskoye,RU,2021-04-13 04:39:28,59.7035,30.7861,48.0,49,0,4.47
67,Qaanaaq,GL,2021-04-13 04:39:28,77.484,-69.3632,-6.18,85,59,5.97
68,Antalaha,MG,2021-04-13 04:39:29,-14.9003,50.2788,80.47,73,37,5.88
69,Morros,BR,2021-04-13 04:39:29,-9.4467,-46.3003,72.19,72,61,0.56
70,Tasiilaq,GL,2021-04-13 04:39:29,65.6145,-37.6368,26.6,63,32,3.44
71,Salalah,OM,2021-04-13 04:39:30,17.0151,54.0924,80.6,69,0,3.44
72,Luderitz,NA,2021-04-13 04:39:30,-26.6481,15.1594,79.3,32,0,11.54
73,Hithadhoo,MV,2021-04-13 04:39:30,-0.6,73.0833,82.99,68,45,8.55
74,Tomatlan,MX,2021-04-13 04:39:30,19.9333,-105.25,66.06,91,15,1.23
75,Naze,JP,2021-04-13 04:39:31,28.3667,129.4833,73.4,94,75,13.8
76,Quesnel,CA,2021-04-13 04:39:31,52.9999,-122.5029,35.6,51,1,0.78
77,Malvern,US,2021-04-13 04:36:06,34.3623,-92.813,64.99,55,1,4.61
78,Goderich,CA,2021-04-13 04:39:31,43.7501,-81.7165,51.8,82,78,6.91
79,Thompson,CA,2021-04-13 04:39:32,55.7435,-97.8558,21.2,58,90,14.97
80,Filingue,NE,2021-04-13 04:39:32,14.3521,3.3168,81.05,12,0,8.01
81,Atuona,PF,2021-04-13 04:39:32,-9.8,-139.0333,80.01,80,28,16.49
82,Emba,KZ,2021-04-13 04:39:33,48.8264,58.1442,51.48,34,0,20.04
83,Broome,US,2021-04-13 04:39:33,42.2506,-75.833,45.0,93,90,3.8
84,Tema,GH,2021-04-13 04:36:15,5.667,-0.0166,82.4,83,0,8.05
85,Vila Velha,BR,2021-04-13 04:39:33,-20.3297,-40.2925,77.0,88,0,2.3
86,Burnie,AU,2021-04-13 04:39:34,-41.0667,145.9167,57.0,76,100,15.01
87,Sao Joao Da Barra,BR,2021-04-13 04:39:34,-21.6403,-41.0511,72.27,87,0,8.88
88,Fairbanks,US,2021-04-13 04:38:06,64.8378,-147.7164,44.6,42,90,2.39
89,Rabo De Peixe,PT,2021-04-13 04:39:34,37.8,-25.5833,60.8,94,75,17.27
90,Barrow,US,2021-04-13 04:39:35,71.2906,-156.7887,5.0,72,90,17.27
91,Norman Wells,CA,2021-04-13 04:39:35,65.282,-126.8329,24.8,42,40,4.61
92,Cabo San Lucas,MX,2021-04-13 04:39:35,22.8909,-109.9124,73.99,35,0,1.01
93,Ilulissat,GL,2021-04-13 04:39:35,69.2167,-51.1,32.0,93,90,10.36
94,Torbay,CA,2021-04-13 04:39:36,47.6666,-52.7314,37.4,100,90,28.77
95,Cidreira,BR,2021-04-13 04:39:36,-30.1811,-50.2056,67.21,74,20,3.89
96,Iberia,US,2021-04-13 04:39:36,29.9502,-91.7507,68.0,88,1,8.05
97,Walvis Bay,NA,2021-04-13 04:39:37,-22.9575,14.5053,80.6,24,0,18.41
98,Viedma,AR,2021-04-13 04:36:05,-40.8135,-62.9967,64.27,50,1,7.11
99,Marienburg,PL,2021-04-13 04:39:37,54.0359,19.0266,39.0,83,100,4.92
100,Uyemskiy,RU,2021-04-13 04:39:37,64.4743,40.8524,48.2,53,20,4.47
101,Castro,BR,2021-04-13 04:39:38,-24.7911,-50.0119,62.01,98,89,7.83
102,San Vicente,AR,2021-04-13 04:39:38,-26.6167,-54.1333,55.85,76,0,3.18
103,Vao,NC,2021-04-13 04:39:38,-22.6667,167.4833,73.9,91,100,4.47
104,Keflavik,IS,2021-04-13 04:39:39,64.0049,-22.5624,39.2,93,75,9.22
105,Crevalcore,IT,2021-04-13 04:39:39,44.7206,11.1498,46.99,100,75,6.91
106,Axim,GH,2021-04-13 04:39:39,4.8699,-2.2405,80.33,85,100,7.16
107,Motygino,RU,2021-04-13 04:39:40,58.1831,94.7592,38.32,65,76,11.3
108,Port Hardy,CA,2021-04-13 04:30:23,50.6996,-127.4199,44.6,87,20,3.44
109,Imatra,FI,2021-04-13 04:35:03,61.1719,28.7524,42.8,65,0,4.61
110,Kampong Chhnang,KH,2021-04-13 04:39:40,12.1667,104.55,86.14,63,100,3.65
111,Antonina,BR,2021-04-13 04:39:40,-25.4286,-48.7119,60.8,88,75,9.22
112,Pangnirtung,CA,2021-04-13 04:39:41,66.1451,-65.7125,25.92,96,100,6.35
113,Kutum,SD,2021-04-13 04:39:41,14.2,24.6667,62.28,9,44,6.49
114,Kulhudhuffushi,MV,2021-04-13 04:39:41,6.6221,73.07,83.23,68,95,3.62
115,Queenstown,ZA,2021-04-13 04:39:41,-31.8976,26.8753,61.43,65,79,2.04
116,Ponta Do Sol,PT,2021-04-13 04:39:42,32.6667,-17.1,64.0,80,96,1.99
117,Sayaxche,GT,2021-04-13 04:39:42,16.5167,-90.1667,78.24,73,78,5.03
118,Coihaique,CL,2021-04-13 04:29:54,-45.5752,-72.0662,46.71,97,17,7.85
119,Goundam,ML,2021-04-13 04:39:42,16.4145,-3.6708,81.57,9,0,8.25
120,Ust-Nera,RU,2021-04-13 04:39:43,64.5667,143.2,10.45,73,43,3.85
121,Chokurdakh,RU,2021-04-13 04:39:43,70.6333,147.9167,9.07,86,34,9.53
122,Vaini,TO,2021-04-13 04:39:43,-21.2,-175.2,80.6,74,20,9.22
123,Margate,GB,2021-04-13 04:39:44,51.3813,1.3862,41.0,80,0,6.93
124,Sao Filipe,CV,2021-04-13 04:39:44,14.8961,-24.4956,76.55,62,72,7.61
125,Santa Rosa,PH,2021-04-13 04:39:44,14.3122,121.1114,88.0,70,75,8.05
126,Brighton,GB,2021-04-13 04:39:44,50.8284,-0.1395,34.0,88,2,1.01
127,Ostrovnoy,RU,2021-04-13 04:39:45,68.0531,39.5131,32.47,92,100,4.27
128,Lasa,IT,2021-04-13 04:39:45,46.6166,10.7002,33.01,63,75,9.22
129,Mataura,NZ,2021-04-13 04:39:45,-46.1927,168.8643,55.99,95,100,1.01
130,Sharjah,AE,2021-04-13 04:38:14,25.3573,55.4033,86.0,28,0,5.75
131,Balaipungut,ID,2021-04-13 04:38:06,1.05,101.2833,90.14,58,22,2.93
132,Bambous Virieux,MU,2021-04-13 04:39:46,-20.3428,57.7575,81.0,88,40,9.75
133,Sterling,US,2021-04-13 04:39:46,39.0062,-77.4286,50.0,93,75,5.75
134,Narsaq,GL,2021-04-13 04:39:47,60.9167,-46.05,33.8,60,5,3.44
135,Krasnoselkup,RU,2021-04-13 04:35:11,65.7,82.4667,29.35,92,100,22.41
136,Palana,RU,2021-04-13 04:39:47,59.1167,159.9667,13.82,69,50,8.48
137,Saint-Philippe,RE,2021-04-13 04:39:47,-21.3585,55.7679,80.6,69,75,19.57
138,Linxia,CN,2021-04-13 04:39:47,35.6003,103.2064,46.18,67,100,6.26
139,Hermanus,ZA,2021-04-13 04:39:48,-34.4187,19.2345,62.01,90,4,3.0
140,Esfarayen,IR,2021-04-13 04:39:48,37.0765,57.5101,57.2,58,89,2.3
141,Fredericton,CA,2021-04-13 04:39:48,45.9454,-66.6656,46.4,66,90,17.27
142,Hamilton,US,2021-04-13 04:35:52,39.1834,-84.5333,52.0,87,1,4.61
143,Pedernales,DO,2021-04-13 04:39:49,18.0384,-71.744,76.95,72,72,2.21
144,Kimbe,PG,2021-04-13 04:39:49,-5.5502,150.1429,80.47,72,100,6.08
145,Lokoja,NG,2021-04-13 04:39:49,7.8024,6.743,76.46,70,78,2.86
146,Sattahip,TH,2021-04-13 04:39:50,12.6664,100.9007,93.0,84,40,2.3
147,Lovozero,RU,2021-04-13 04:39:50,68.005,35.0117,30.56,97,100,5.44
148,Westport,US,2021-04-13 04:39:50,41.1415,-73.3579,46.0,100,100,8.34
149,Pringsewu,ID,2021-04-13 04:39:50,-5.3582,104.9744,89.89,53,70,1.97
150,Nanortalik,GL,2021-04-13 04:39:51,60.1432,-45.2371,34.39,79,5,5.77
151,Puerto Del Rosario,ES,2021-04-13 04:39:51,28.5004,-13.8627,64.4,77,0,8.05
152,Provideniya,RU,2021-04-13 04:39:51,64.3833,-173.3,18.84,93,100,14.38
153,Polohy,UA,2021-04-13 04:39:52,47.4844,36.2536,47.34,81,100,4.34
154,Carutapera,BR,2021-04-13 04:39:52,-1.195,-46.02,75.51,94,100,5.26
155,Carnarvon,AU,2021-04-13 04:39:52,-24.8667,113.6333,75.99,50,15,21.56
156,Tieling,CN,2021-04-13 04:39:53,42.2931,123.8414,52.0,46,1,14.25
157,Shenjiamen,CN,2021-04-13 04:39:53,29.9576,122.298,57.54,86,100,11.7
158,Butaritari,KI,2021-04-13 04:39:53,3.0707,172.7902,81.95,76,81,9.66
159,Ibotirama,BR,2021-04-13 04:39:53,-12.1853,-43.2206,75.54,56,99,0.65
160,Chuy,UY,2021-04-13 04:39:54,-33.6971,-53.4616,56.95,78,0,4.21
161,Lata,PT,2021-04-13 04:39:54,40.1629,-8.3327,59.0,89,100,2.3
162,Chatham,GB,2021-04-13 04:39:54,51.3789,0.5279,32.0,92,0,3.0
163,Yining,CN,2021-04-13 04:30:20,29.0361,114.5636,67.15,76,82,2.64
164,Jamestown,US,2021-04-13 04:37:20,42.097,-79.2353,45.0,93,1,6.91
165,Marsh Harbour,BS,2021-04-13 04:39:55,26.5412,-77.0636,73.72,58,0,16.17
166,Hobart,AU,2021-04-13 04:39:09,-42.8794,147.3294,62.6,55,75,14.97
167,Price,US,2021-04-13 04:39:55,39.5994,-110.8107,48.2,21,1,9.22
168,Uvalde,US,2021-04-13 04:39:56,29.3669,-99.767,75.2,69,1,9.22
169,Christchurch,NZ,2021-04-13 04:25:36,-43.5333,172.6333,64.4,42,100,6.91
170,Zyryanka,RU,2021-04-13 04:39:56,65.75,150.85,10.83,72,13,8.08
171,Fortuna,US,2021-04-13 04:30:28,40.5982,-124.1573,46.4,71,1,1.14
172,Padang,ID,2021-04-13 04:39:57,-0.9492,100.3543,85.3,68,47,5.93
173,Sistranda,NO,2021-04-13 04:39:57,63.7256,8.834,33.8,86,75,3.44
174,Clyde River,CA,2021-04-13 04:39:57,70.4692,-68.5914,10.4,92,90,29.93
175,Mocuba,MZ,2021-04-13 04:39:57,-16.8392,36.9856,73.35,90,98,2.59
176,Chifeng,CN,2021-04-13 04:39:58,42.2683,118.9636,46.78,12,7,13.78
177,Gat,IL,2021-04-13 04:39:58,31.61,34.7642,54.0,88,0,1.01
178,Salinopolis,BR,2021-04-13 04:38:37,-0.6136,-47.3561,78.24,87,100,8.79
179,Severo-Kurilsk,RU,2021-04-13 04:39:58,50.6789,156.125,38.28,87,55,9.62
180,New Norfolk,AU,2021-04-13 04:39:59,-42.7826,147.0587,62.01,47,100,1.01
181,Narva-Joesuu,EE,2021-04-13 04:39:59,59.4589,28.0408,40.44,93,100,5.44
182,Faanui,PF,2021-04-13 04:30:16,-16.4833,-151.75,81.73,71,100,8.46
183,Truro,GB,2021-04-13 04:37:02,50.2653,-5.0544,39.2,93,8,5.75
184,Saskylakh,RU,2021-04-13 04:40:00,71.9167,114.0833,27.91,90,98,15.82
185,Husavik,IS,2021-04-13 04:40:00,66.0449,-17.3389,37.4,75,20,4.61
186,Nisia Floresta,BR,2021-04-13 04:40:00,-6.0911,-35.2086,77.0,94,20,4.61
187,Toora-Khem,RU,2021-04-13 04:40:00,52.4675,96.11,42.22,86,100,2.42
188,Byron Bay,AU,2021-04-13 04:40:01,-28.65,153.6167,72.0,56,1,10.36
189,Rotifunk,SL,2021-04-13 04:40:01,8.2333,-12.6833,74.05,84,92,1.99
190,Hiroshima,JP,2021-04-13 04:38:33,34.3963,132.4594,60.8,88,90,8.05
191,Saint Anthony,US,2021-04-13 04:30:06,45.0205,-93.218,39.99,75,90,19.57
192,Pimentel,PE,2021-04-13 04:40:02,-6.8367,-79.9342,66.0,86,74,5.01
193,Gao,ML,2021-04-13 04:40:02,16.6362,1.637,84.22,7,0,9.84
194,Lipin Bor,RU,2021-04-13 04:40:02,60.2622,37.9763,42.46,95,100,8.75
195,Urumqi,CN,2021-04-13 04:40:03,43.801,87.6005,62.6,17,0,8.95
196,Cairns,AU,2021-04-13 04:38:42,-16.9167,145.7667,88.0,61,90,10.36
197,Albany,US,2021-04-13 04:35:22,42.6001,-73.9662,45.0,72,100,2.39
198,Kununurra,AU,2021-04-13 04:40:03,-15.7667,128.7333,95.0,29,95,4.61
199,Te Anau,NZ,2021-04-13 04:40:03,-45.4167,167.7167,52.2,83,100,1.07
200,Huarmey,PE,2021-04-13 04:40:04,-10.0681,-78.1522,68.99,85,97,7.76
201,Sola,VU,2021-04-13 04:40:04,-13.8833,167.55,83.34,69,91,12.75
202,Ribeira Grande,PT,2021-04-13 04:40:04,38.5167,-28.7,61.45,88,100,20.83
203,Portland,US,2021-04-13 04:37:57,45.5234,-122.6762,55.99,35,3,8.79
204,Kruisfontein,ZA,2021-04-13 04:40:05,-34.0033,24.7314,62.01,97,68,1.34
205,Solnechnyy,RU,2021-04-13 04:40:05,50.7214,136.6319,23.94,88,100,11.41
206,Oswego,US,2021-04-13 04:40:05,43.4501,-76.1497,46.99,93,90,3.44
207,Amazar,RU,2021-04-13 04:40:06,53.858,120.875,30.07,29,78,8.93
208,Alenquer,BR,2021-04-13 04:40:06,-1.9417,-54.7383,77.0,94,20,3.04
209,Klaksvik,FO,2021-04-13 04:40:06,62.2266,-6.589,37.4,70,75,2.3
210,Kodiak,US,2021-04-13 04:40:07,57.79,-152.4072,39.2,70,75,6.91
211,Iqaluit,CA,2021-04-13 04:40:07,63.7506,-68.5145,28.4,93,90,23.02
212,Labuhan,ID,2021-04-13 04:40:07,-6.8844,112.2051,86.22,65,6,3.04
213,Hambantota,LK,2021-04-13 04:40:07,6.1241,81.1185,86.0,74,20,2.3
214,Vanavara,RU,2021-04-13 04:40:08,60.34,102.2797,35.01,68,87,13.67
215,Isugod,PH,2021-04-13 04:40:08,9.3408,118.1196,85.53,66,43,5.44
216,Vardo,NO,2021-04-13 04:40:08,70.3705,31.1107,24.8,68,0,11.5
217,Airai,TL,2021-04-13 04:40:09,-8.9266,125.4092,73.06,59,52,2.77
218,Sur,OM,2021-04-13 04:40:09,22.5667,59.5289,86.23,50,0,6.08
219,Puerto Ayora,EC,2021-04-13 04:40:09,-0.7393,-90.3518,75.0,97,100,4.25
220,Cambuquira,BR,2021-04-13 04:40:10,-21.8522,-45.2958,66.0,84,1,3.06
221,Sao Fidelis,BR,2021-04-13 04:40:10,-21.6461,-41.7469,67.14,80,0,3.31
222,Port-Gentil,GA,2021-04-13 04:30:29,-0.7193,8.7815,81.23,82,100,7.29
223,Pacific Grove,US,2021-04-13 04:38:36,36.6177,-121.9166,51.8,82,90,5.75
224,Morehead,US,2021-04-13 04:40:10,37.2711,-87.1764,57.0,67,1,6.24
225,Kabompo,ZM,2021-04-13 04:40:11,-13.5927,24.2008,59.7,94,29,4.61
226,Pitea,SE,2021-04-13 04:40:11,65.3172,21.4794,30.2,100,90,11.5
227,Andenes,NO,2021-04-13 04:40:11,69.3143,16.1194,30.99,93,75,10.36
228,Vangaindrano,MG,2021-04-13 04:40:11,-23.35,47.6,74.8,87,78,3.44
229,Poso,ID,2021-04-13 04:40:12,-1.3959,120.7524,87.15,61,62,5.21
230,Rosetown,CA,2021-04-13 04:40:12,51.5501,-108.0014,30.2,47,100,8.05
231,Hami,CN,2021-04-13 04:40:12,42.8,93.45,57.87,15,0,3.38
232,Norrtalje,SE,2021-04-13 04:40:13,59.758,18.705,37.0,80,97,7.0
233,Port Blair,IN,2021-04-13 04:40:13,11.6667,92.75,86.61,65,54,10.04
234,Sangar,RU,2021-04-13 04:40:13,63.9242,127.4739,19.13,83,92,3.22
235,Ancud,CL,2021-04-13 04:40:14,-41.8697,-73.8203,60.01,100,90,6.91
236,Bontang,ID,2021-04-13 04:40:05,0.1333,117.5,79.63,77,100,8.32
237,Coquimbo,CL,2021-04-13 04:40:14,-29.9533,-71.3436,61.83,83,0,1.21
238,Los Llanos De Aridane,ES,2021-04-13 04:40:14,28.6585,-17.9182,68.0,73,0,3.44
239,Grindavik,IS,2021-04-13 04:40:15,63.8424,-22.4338,39.2,93,75,9.22
240,Richards Bay,ZA,2021-04-13 04:40:15,-28.783,32.0377,70.45,92,16,4.23
241,Dongsheng,CN,2021-04-13 04:40:15,39.8161,109.9776,40.17,11,15,16.82
242,Crib Point,AU,2021-04-13 04:40:15,-38.35,145.2,64.99,60,100,18.86
243,Dryden,CA,2021-04-13 04:40:16,49.7833,-92.7503,33.8,93,90,13.8
244,Nantucket,US,2021-04-13 04:37:55,41.2835,-70.0995,42.01,87,1,8.05
245,Dikson,RU,2021-04-13 04:40:16,73.5069,80.5464,26.87,95,100,21.32
246,Hualmay,PE,2021-04-13 04:40:16,-11.0964,-77.6139,67.75,86,100,7.85
247,Dwarka,IN,2021-04-13 04:40:17,22.2394,68.9678,83.89,53,0,16.24
248,Preobrazheniye,RU,2021-04-13 04:40:17,42.9019,133.9064,45.77,63,83,13.6
249,Shwebo,MM,2021-04-13 04:40:17,22.5667,95.7,100.2,26,24,6.24
250,Chernyshevskiy,RU,2021-04-13 04:40:18,63.0128,112.4714,29.91,93,100,10.85
251,Pierreville,CA,2021-04-13 04:40:18,46.0703,-72.8112,48.2,71,100,19.57
252,Korla,CN,2021-04-13 04:30:26,41.7597,86.1469,58.23,21,9,2.98
253,Hasaki,JP,2021-04-13 04:39:12,35.7333,140.8333,66.0,63,75,14.97
254,Lempaala,FI,2021-04-13 04:40:18,61.3167,23.75,37.0,87,0,3.44
255,Lorengau,PG,2021-04-13 04:40:19,-2.0226,147.2712,75.58,91,100,3.13
256,Georgetown,MY,2021-04-13 04:40:19,5.4112,100.3354,87.8,70,20,10.36
257,Kudahuvadhoo,MV,2021-04-13 04:40:19,2.6708,72.8944,82.65,69,57,4.65
258,Cap Malheureux,MU,2021-04-13 04:40:19,-19.9842,57.6142,81.0,77,100,4.0
259,Shimoda,JP,2021-04-13 04:40:20,34.6667,138.95,64.4,72,75,11.5
260,Newport,GB,2021-04-13 04:40:20,51.5877,-2.9984,34.0,91,6,2.84
261,El Tigre,VE,2021-04-13 04:40:20,8.8875,-64.2454,78.1,76,72,8.48
262,Kovrov,RU,2021-04-13 04:35:21,56.3572,41.3192,50.59,78,94,7.72
263,Kahului,US,2021-04-13 04:40:21,20.8947,-156.47,73.4,68,40,13.8
264,Ararat,AM,2021-04-13 04:40:21,39.8317,44.7049,48.2,76,20,4.61
265,Juneau,US,2021-04-13 04:36:17,58.3019,-134.4197,35.6,87,90,14.97
266,Tateyama,JP,2021-04-13 04:37:01,34.9833,139.8667,66.2,59,75,23.02
267,San Cristobal,VE,2021-04-13 04:40:22,7.7669,-72.225,65.52,89,100,4.0
268,Plouzane,FR,2021-04-13 04:40:22,48.3833,-4.6167,39.2,93,0,3.44
269,Leiyang,CN,2021-04-13 04:40:21,26.4024,112.8591,65.5,82,99,6.13
270,Fort-Shevchenko,KZ,2021-04-13 04:40:22,44.5086,50.263,62.98,28,52,15.37
271,Abulug,PH,2021-04-13 04:40:23,18.4453,121.4533,83.57,71,81,13.11
272,Paso De Carrasco,UY,2021-04-13 04:40:23,-34.8603,-56.0522,57.2,72,0,3.44
273,San Andres,CO,2021-04-13 04:40:04,12.5847,-81.7006,82.4,83,20,10.36
274,Champoton,MX,2021-04-13 04:40:23,19.35,-90.7167,82.4,74,1,6.17
275,Ternate,ID,2021-04-13 04:40:24,0.8,127.4,84.34,69,65,8.05
276,Mahebourg,MU,2021-04-13 04:40:24,-20.4081,57.7,77.0,88,40,9.91
277,Meadow Lake,US,2021-04-13 04:40:24,34.8014,-106.5436,66.0,19,75,26.46
278,Sosnovo-Ozerskoye,RU,2021-04-13 04:40:24,52.5249,111.5418,38.19,29,4,13.82
279,Port Hedland,AU,2021-04-13 04:40:25,-20.3167,118.5667,91.4,62,40,12.66
280,Sorland,NO,2021-04-13 04:40:25,67.667,12.6934,28.4,93,75,3.44
281,Yaan,NG,2021-04-13 04:40:25,7.3833,8.5667,79.27,67,73,8.03
282,Gazli,UZ,2021-04-13 04:30:28,40.1333,63.45,65.3,22,17,4.68
283,Jackson,US,2021-04-13 04:37:55,42.4165,-122.8345,59.0,31,1,5.75
284,Henties Bay,NA,2021-04-13 04:40:26,-22.116,14.2845,80.53,31,0,18.81
285,Mayo,US,2021-04-13 04:40:26,38.8876,-76.5119,51.01,89,100,5.84
286,Xingtai,CN,2021-04-13 04:38:24,37.0631,114.4942,59.43,25,27,3.51
287,Ngunguru,NZ,2021-04-13 04:40:26,-35.6167,174.5,72.0,62,28,5.99
288,Mackay,AU,2021-04-13 04:40:27,-21.15,149.2,80.6,69,40,19.57
289,Maputo,MZ,2021-04-13 04:37:17,-25.9653,32.5892,73.99,88,75,5.75
290,Guerrero Negro,MX,2021-04-13 04:40:27,27.9769,-114.0611,58.28,80,0,14.2
291,Kirkuk,IQ,2021-04-13 04:37:10,35.4681,44.3922,64.87,24,2,8.81
292,Revelstoke,CA,2021-04-13 04:40:28,50.9832,-118.2023,41.0,48,1,12.66
293,Jensen Beach,US,2021-04-13 04:40:28,27.2545,-80.2298,70.0,88,1,6.67
294,Harwich,GB,2021-04-13 04:40:28,51.9419,1.2844,36.0,79,0,1.99
295,Camapua,BR,2021-04-13 04:40:29,-19.5314,-54.0439,71.89,77,5,4.12
296,Kaitangata,NZ,2021-04-13 04:40:29,-46.2817,169.8464,59.0,81,100,3.0
297,Beitbridge,ZW,2021-04-13 04:40:29,-22.2167,30.0,66.09,76,0,9.46
298,Loandjili,CG,2021-04-13 04:40:30,-4.7561,11.8578,75.2,88,40,5.75
299,Tepalcatepec,MX,2021-04-13 04:40:30,19.1833,-102.85,76.28,45,3,2.39
300,Laem Sing,TH,2021-04-13 04:40:30,12.4816,102.0738,91.0,74,40,4.05
301,Ankara,TR,2021-04-13 04:38:55,39.9199,32.8543,39.0,93,75,1.61
302,Bonavista,CA,2021-04-13 04:40:31,48.6499,-53.1147,37.99,100,100,11.5
303,Deputatskiy,RU,2021-04-13 04:40:31,69.3,139.9,11.7,70,42,1.92
304,Concarneau,FR,2021-04-13 04:40:31,47.875,-3.9225,35.6,93,0,3.44
305,Touros,BR,2021-04-13 04:40:32,-5.1989,-35.4608,77.0,94,75,4.61
306,Fuerte Olimpo,PY,2021-04-13 04:40:32,-21.0415,-57.8738,71.28,75,11,4.34
307,Quchan,IR,2021-04-13 04:40:32,37.106,58.5095,60.58,38,96,2.73
308,Yeppoon,AU,2021-04-13 04:40:32,-23.1333,150.7333,78.8,47,75,10.36
309,Teguise,ES,2021-04-13 04:40:33,29.0605,-13.564,64.4,82,0,8.05
310,Fort Nelson,CA,2021-04-13 04:40:33,58.8053,-122.7002,46.4,34,75,2.3
311,Alice Springs,AU,2021-04-13 04:40:26,-23.7,133.8833,87.8,16,67,5.75
312,Dingle,PH,2021-04-13 04:40:34,10.9995,122.6711,88.3,57,96,10.45
313,Noumea,NC,2021-04-13 04:37:12,-22.2763,166.4572,80.01,94,75,11.5
314,Talnakh,RU,2021-04-13 04:40:34,69.4865,88.3972,25.72,95,100,14.52
315,North Bend,US,2021-04-13 04:40:34,43.4065,-124.2243,48.2,81,1,21.85
316,Mogocha,RU,2021-04-13 04:40:34,53.7333,119.7667,30.69,25,62,6.04
317,Dalmatovo,RU,2021-04-13 04:40:35,56.26,62.9362,44.58,75,0,2.8
318,Chateaubelair,VC,2021-04-13 04:40:35,13.2833,-61.25,80.6,78,75,13.8
319,Abha,SA,2021-04-13 04:40:35,18.2164,42.5053,64.4,48,0,11.5
320,Sorong,ID,2021-04-13 04:40:36,-0.8833,131.25,85.48,67,76,10.58
321,Salmon Creek,US,2021-04-13 04:40:36,45.7107,-122.649,59.0,18,1,6.91
322,Banda Aceh,ID,2021-04-13 04:40:36,5.5577,95.3222,85.78,66,45,8.34
323,Evensk,RU,2021-04-13 04:40:36,61.95,159.2333,13.6,70,21,2.48
324,Ust-Tsilma,RU,2021-04-13 04:40:37,65.441,52.1498,39.78,96,100,4.94
325,Krasnoarmeysk,RU,2021-04-13 04:40:37,51.0239,45.6969,51.19,55,16,7.4
326,Nandi Hills,KE,2021-04-13 04:40:37,0.1066,35.1838,66.2,88,0,4.61
327,San Quintin,MX,2021-04-13 04:40:38,30.4833,-115.95,57.72,82,9,7.23
328,Peniche,PT,2021-04-13 04:40:38,39.3558,-9.3811,55.0,91,100,8.01
329,Sitka,US,2021-04-13 04:40:38,57.0531,-135.33,39.2,75,90,13.8
330,Quarai,BR,2021-04-13 04:40:39,-30.3875,-56.4514,55.49,77,75,8.12
331,Kyzyl-Mazhalyk,RU,2021-04-13 04:40:39,51.1333,90.6,57.13,25,83,2.44
332,Saint-Augustin,CA,2021-04-13 04:40:39,51.226,-58.6502,36.1,82,70,18.34
333,Eureka,US,2021-04-13 04:37:12,40.8021,-124.1637,46.0,73,0,0.87
334,Inuvik,CA,2021-04-13 04:40:39,68.3499,-133.7218,26.6,50,100,3.44
335,Subotica,RS,2021-04-13 04:40:40,46.1,19.6667,41.0,79,100,10.94
336,Argelia,CO,2021-04-13 04:40:40,2.2556,-77.2488,65.52,95,100,0.87
337,Comodoro Rivadavia,AR,2021-04-13 04:40:40,-45.8667,-67.5,62.6,48,0,12.66
338,Kamenka,RU,2021-04-13 04:40:41,51.3223,42.7678,51.01,59,41,12.24
339,Longyearbyen,SJ,2021-04-13 04:40:41,78.2186,15.6401,12.2,67,75,13.8
340,Mbandaka,CD,2021-04-13 04:40:41,0.0487,18.2603,70.45,92,98,3.4
341,Komsomolskiy,UZ,2021-04-13 04:40:42,40.4272,71.7189,59.0,47,100,4.61
342,Simbahan,PH,2021-04-13 04:40:42,6.3032,120.5836,83.84,69,50,13.38
343,Kavaratti,IN,2021-04-13 04:40:42,10.5669,72.642,83.19,69,60,2.13
344,Marfino,RU,2021-04-13 04:40:42,55.7028,37.3822,50.0,71,0,8.95
345,Kholm-Zhirkovskiy,RU,2021-04-13 04:40:43,55.5189,33.4731,49.03,87,100,5.26
346,Pangkalanbuun,ID,2021-04-13 04:40:43,-2.6833,111.6167,84.43,77,63,1.05
347,Bengkulu,ID,2021-04-13 04:40:43,-3.8004,102.2655,84.67,65,66,7.43
348,Ahipara,NZ,2021-04-13 04:40:44,-35.1667,173.1667,66.15,78,8,10.47
349,Mudanya,TR,2021-04-13 04:40:44,40.3753,28.8822,48.2,100,0,2.3
350,Ballina,AU,2021-04-13 04:40:44,-28.8667,153.5667,73.4,56,0,10.36
351,Hilton Head Island,US,2021-04-13 04:37:41,32.2163,-80.7526,71.6,46,1,5.75
352,Plettenberg Bay,ZA,2021-04-13 04:40:45,-34.0527,23.3716,61.92,84,63,2.24
353,Xaxim,BR,2021-04-13 04:40:45,-26.9617,-52.5347,51.94,87,0,3.24
354,Fare,PF,2021-04-13 04:40:45,-16.7,-151.0167,81.55,75,100,9.98
355,Mastung,PK,2021-04-13 04:36:15,29.7994,66.845,74.37,12,80,8.14
356,Barrhead,GB,2021-04-13 04:40:45,55.7992,-4.3929,35.01,93,68,3.44
357,La Paz,BO,2021-04-13 04:40:46,-16.5,-68.15,43.39,84,97,4.16
358,Yulara,AU,2021-04-13 04:40:46,-25.2406,130.9889,91.4,18,21,18.41
359,Karoi,ZW,2021-04-13 04:40:46,-16.8099,29.6925,57.49,84,0,3.49
360,Kandrian,PG,2021-04-13 04:40:47,-6.2167,149.55,81.66,71,100,10.85
361,Tupik,RU,2021-04-13 04:40:47,54.4253,119.9327,25.23,53,53,6.38
362,New Plymouth,NZ,2021-04-13 04:40:47,-39.0667,174.0833,57.0,87,42,10.0
363,Kalaleh,IR,2021-04-13 04:40:48,37.3807,55.4916,57.2,100,90,4.61
364,Roald,NO,2021-04-13 04:40:48,62.5833,6.1333,36.0,93,75,4.61
365,Grand Baie,MU,2021-04-13 04:40:48,-20.0182,57.5802,81.0,77,100,4.0
366,Mitsamiouli,KM,2021-04-13 04:40:48,-11.3847,43.2844,82.38,75,78,9.33
367,Namibe,AO,2021-04-13 04:40:49,-15.1961,12.1522,79.7,72,9,6.55
368,Dubai,AE,2021-04-13 04:40:15,25.2582,55.3047,86.0,25,0,3.44
369,Palpa,PE,2021-04-13 04:40:49,-14.5336,-75.1856,74.97,64,99,2.64
370,Yerbogachen,RU,2021-04-13 04:40:50,61.2767,108.0108,31.93,95,100,10.47
371,Zhelyabovka,UA,2021-04-13 04:40:50,45.3988,34.7578,47.66,87,89,0.98
372,Oranjemund,NA,2021-04-13 04:40:50,-28.55,16.4333,76.1,36,0,5.3
373,Biltine,TD,2021-04-13 04:40:50,14.5333,20.9167,76.33,6,84,18.52
374,Souillac,MU,2021-04-13 04:40:51,-20.5167,57.5167,77.0,88,40,9.57
375,Scarborough,GB,2021-04-13 04:40:51,54.2797,-0.4044,30.99,84,3,6.22
376,Northam,GB,2021-04-13 04:40:51,51.0333,-4.2167,39.0,95,18,3.0
377,Jalu,LY,2021-04-13 04:40:52,29.0331,21.5482,62.37,30,65,10.67
378,Amapa,BR,2021-04-13 04:40:52,1.0,-52.0,70.75,99,100,1.34
379,Victor Harbor,AU,2021-04-13 04:40:52,-35.5667,138.6167,72.0,33,87,5.99
380,Umm Kaddadah,SD,2021-04-13 04:40:52,13.6017,26.6876,66.34,9,62,14.27
381,Bataipora,BR,2021-04-13 04:40:53,-22.2953,-53.2711,69.69,88,3,3.91
382,Yar-Sale,RU,2021-04-13 04:40:53,66.8333,70.8333,28.89,77,20,21.18
383,Constitucion,CL,2021-04-13 04:40:53,-35.3333,-72.4167,59.88,70,0,7.05
384,Loding,NO,2021-04-13 04:40:54,67.3,14.75,30.2,80,40,4.61
385,Miles City,US,2021-04-13 04:40:54,46.4083,-105.8406,28.4,80,90,13.8
386,Aksarka,RU,2021-04-13 04:40:54,66.5606,67.7975,31.17,76,55,15.88
387,Kodinsk,RU,2021-04-13 04:40:55,58.6881,99.1844,38.19,65,72,11.88
388,Esso,RU,2021-04-13 04:40:55,55.9333,158.7,22.55,66,95,1.72
389,Havoysund,NO,2021-04-13 04:40:55,70.9963,24.6622,30.2,74,40,8.05
390,Kitgum,UG,2021-04-13 04:40:55,3.2783,32.8867,70.72,75,100,2.82
391,Aykhal,RU,2021-04-13 04:40:56,66.0,111.5,27.77,92,100,19.77
392,Mukhen,RU,2021-04-13 04:40:56,48.1,136.1,33.21,92,100,8.9
393,Mogadishu,SO,2021-04-13 04:40:56,2.0371,45.3438,80.6,69,75,8.41
394,Acapulco,MX,2021-04-13 04:38:09,16.8634,-99.8901,76.6,74,3,5.64
395,Onguday,RU,2021-04-13 04:40:57,50.75,86.15,56.39,38,28,4.18
396,Muros,ES,2021-04-13 04:40:57,42.7762,-9.0603,53.01,87,100,7.02
397,Saint-Leu,RE,2021-04-13 04:40:57,-21.15,55.2833,82.4,65,40,18.41
398,Nalut,LY,2021-04-13 04:36:13,30.3333,10.85,57.78,66,76,11.16
399,Sioux Lookout,CA,2021-04-13 04:40:58,50.1001,-91.917,33.8,100,90,8.05
400,Meulaboh,ID,2021-04-13 04:40:58,4.1363,96.1285,85.42,64,48,5.68
401,Minot,US,2021-04-13 04:40:58,48.2325,-101.2963,21.2,86,90,19.57
402,Springbok,ZA,2021-04-13 04:40:58,-29.6643,17.8865,71.74,29,0,7.16
403,Neryungri,RU,2021-04-13 04:40:59,56.6709,124.6491,19.26,79,100,9.69
404,Suntar,RU,2021-04-13 04:40:59,62.1444,117.6319,31.48,65,61,9.06
405,Stepnyak,KZ,2021-04-13 04:40:59,52.8339,70.7803,40.14,89,100,10.92
406,Half Moon Bay,US,2021-04-13 04:41:00,37.4636,-122.4286,54.0,87,90,6.91
407,Chicama,PE,2021-04-13 04:41:00,-7.8447,-79.1469,70.57,78,98,5.55
408,Wanning,CN,2021-04-13 04:41:00,18.8003,110.3967,83.37,64,33,7.45
409,Tautira,PF,2021-04-13 04:41:01,-17.7333,-149.15,80.6,69,75,9.22
410,Mineiros,BR,2021-04-13 04:38:49,-17.5694,-52.5511,65.07,52,0,0.4
411,Praia,CV,2021-04-13 04:39:55,14.9215,-23.5087,75.2,43,0,19.57
412,Kailahun,SL,2021-04-13 04:41:01,8.2833,-10.5667,72.01,99,80,1.95
413,Jawor,PL,2021-04-13 04:41:01,51.0513,16.1935,35.01,82,100,5.97
414,Bonthe,SL,2021-04-13 04:41:02,7.5264,-12.505,76.15,82,88,3.74
415,Saurimo,AO,2021-04-13 04:41:02,-9.6608,20.3916,62.51,95,94,4.14
416,Tanete,ID,2021-04-13 04:41:02,-3.9443,119.7848,90.0,55,42,4.97
417,Tbilisskaya,RU,2021-04-13 04:41:03,45.3633,40.19,48.0,81,100,4.27
418,La Roche-Sur-Yon,FR,2021-04-13 04:41:03,46.6667,-1.4333,32.0,86,0,6.91
419,Suluq,LY,2021-04-13 04:41:03,31.6682,20.2521,63.59,29,87,14.58
420,Taksimo,RU,2021-04-13 04:41:04,56.3444,114.8794,29.03,61,63,0.45
421,Chapais,CA,2021-04-13 04:41:04,49.7834,-74.8492,41.0,75,1,6.91
422,Baisha,CN,2021-04-13 04:41:04,26.5222,110.9311,62.4,94,100,1.63
423,Laguna,US,2021-04-13 04:41:04,38.421,-121.4238,64.4,48,1,8.05
424,Prainha,BR,2021-04-13 04:41:05,-1.8,-53.48,72.57,98,47,2.68
425,Lavrentiya,RU,2021-04-13 04:41:05,65.5833,-171.0,16.75,94,100,12.59
426,George,ZA,2021-04-13 04:41:05,-33.963,22.4617,51.8,100,90,2.3
427,Asau,RO,2021-04-13 04:41:06,46.4333,26.4,46.99,42,5,0.47
428,Goma,CD,2021-04-13 04:41:06,-1.6792,29.2228,64.4,82,75,9.22
429,Tilichiki,RU,2021-04-13 04:41:06,60.4667,166.1,9.16,76,52,8.03
430,Mount Gambier,AU,2021-04-13 04:41:07,-37.8333,140.7667,69.8,26,75,23.02
431,Nova Olimpia,BR,2021-04-13 04:41:07,-14.7972,-57.2881,69.24,97,2,1.36
432,Colac,AU,2021-04-13 04:41:07,-38.3333,143.5833,64.0,76,100,1.01
433,Port Arthur,CN,2021-04-13 04:41:08,38.8,121.2667,44.6,31,0,15.66
434,Taraz,KZ,2021-04-13 04:41:08,42.9,71.3667,53.6,58,100,4.47
435,Balezino,RU,2021-04-13 04:41:08,57.9796,53.0106,43.41,88,98,5.17
436,Samana,DO,2021-04-13 04:41:09,19.2056,-69.3369,71.51,91,61,4.61
437,Williamsport,US,2021-04-13 04:41:09,41.2412,-77.0011,48.2,81,90,4.61
438,Cayenne,GF,2021-04-13 04:41:09,4.9333,-52.3333,80.01,100,75,2.3
439,Saint-Joseph,RE,2021-04-13 04:41:09,-21.3667,55.6167,82.4,65,40,18.41
440,Kirkland Lake,CA,2021-04-13 04:41:10,48.1446,-80.0377,46.4,76,98,5.64
441,Nyurba,RU,2021-04-13 04:41:10,63.2842,118.3319,29.59,73,97,9.84
442,Barentu,ER,2021-04-13 04:41:10,15.1139,37.5928,75.42,35,68,3.56
443,Starozhilovo,RU,2021-04-13 04:41:11,54.2254,39.916,52.25,63,89,9.91
444,Dillon,US,2021-04-13 04:41:11,34.4166,-79.3712,60.01,77,1,4.61
445,Nelson Bay,AU,2021-04-13 04:38:18,-32.7167,152.15,69.8,49,20,11.5
446,Sechura,PE,2021-04-13 04:41:11,-5.5569,-80.8222,72.07,74,94,13.22
447,Broadford,AU,2021-04-13 04:41:12,-37.2,145.0667,60.01,63,100,13.0
448,Hobyo,SO,2021-04-13 04:41:12,5.3505,48.5268,83.89,57,99,11.88
449,Mongagua,BR,2021-04-13 04:41:12,-24.0931,-46.6208,73.0,26,100,6.38
450,Visby,SE,2021-04-13 04:41:12,57.6409,18.296,36.0,93,0,8.05
451,Kisangani,CD,2021-04-13 04:41:13,0.5167,25.2,69.42,99,100,3.29
452,Uthal,PK,2021-04-13 04:41:13,25.8072,66.6219,87.82,33,45,5.77
453,Dagana,MR,2021-04-13 04:41:13,16.5165,-15.5068,82.78,13,20,16.84
454,Uvat,RU,2021-04-13 04:41:14,59.1433,68.8953,43.3,71,78,10.49
455,Komotini,GR,2021-04-13 04:41:14,41.1228,25.3964,46.0,87,35,2.01
456,Uvinza,TZ,2021-04-13 04:41:14,-5.1036,30.3911,65.26,96,100,3.2
457,Oistins,BB,2021-04-13 04:41:14,13.0667,-59.5333,78.8,69,75,13.8
458,Black River,JM,2021-04-13 04:41:15,18.0264,-77.8487,78.8,83,75,3.44
459,Usevya,TZ,2021-04-13 04:41:15,-7.1,31.2333,66.06,98,81,4.27
460,Akdepe,TM,2021-04-13 04:41:15,42.0551,59.3788,60.8,31,0,6.91
461,Isangel,VU,2021-04-13 04:41:16,-19.55,169.2667,84.2,79,75,5.75
462,Nsukka,NG,2021-04-13 04:41:16,6.8561,7.3927,74.19,84,100,3.96
463,Rundu,NA,2021-04-13 04:41:16,-17.9333,19.7667,57.54,60,0,5.19
464,Ongandjera,NA,2021-04-13 04:41:16,-17.8833,15.0667,65.52,44,1,8.99
465,Naantali,FI,2021-04-13 04:41:17,60.4674,22.0243,37.4,93,20,4.61
466,Praia Da Vitoria,PT,2021-04-13 04:41:17,38.7333,-27.0667,60.8,88,20,10.4
467,Emerald,AU,2021-04-13 04:41:17,-23.5333,148.1667,84.2,28,0,6.91
468,Bubaque,GW,2021-04-13 04:41:18,11.2833,-15.8333,77.56,69,10,11.39
469,Cabra,ES,2021-04-13 04:41:18,37.4725,-4.4421,57.2,77,75,2.3
470,Brigantine,US,2021-04-13 04:41:18,39.4101,-74.3646,46.4,87,90,5.75
471,Victoria,HK,2021-04-13 04:38:06,22.2855,114.1577,84.99,58,20,11.5
472,Pisco,PE,2021-04-13 04:41:19,-13.7,-76.2167,66.2,82,0,5.75
473,Teya,RU,2021-04-13 04:41:19,60.3778,92.6267,34.36,86,97,10.49
474,Savannah Bight,HN,2021-04-13 04:41:19,16.45,-85.85,82.0,94,76,1.99
475,Khandyga,RU,2021-04-13 04:41:20,62.6667,135.6,22.6,73,91,2.17
476,Manzanillo,CU,2021-04-13 04:41:20,20.3433,-77.1167,76.03,83,6,3.13
477,Bull Savanna,JM,2021-04-13 04:41:20,17.8868,-77.5902,73.15,86,22,5.99
478,Tagusao,PH,2021-04-13 04:41:20,9.1924,117.8141,84.34,67,34,6.78
479,Paredon,MX,2021-04-13 04:41:21,16.0333,-93.8667,79.95,69,2,3.89
480,Athabasca,CA,2021-04-13 04:41:21,54.7169,-113.2854,26.6,63,1,1.14
481,Pleshanovo,RU,2021-04-13 04:41:21,52.8333,53.4833,52.54,72,28,10.0
482,Jacqueville,CI,2021-04-13 04:41:22,5.2052,-4.4146,82.4,89,20,3.44
483,Camopi,GF,2021-04-13 04:41:22,3.1655,-52.3158,71.4,99,52,1.48
484,Blyth,GB,2021-04-13 04:41:22,55.1271,-1.5086,35.6,86,8,4.61
485,Ercis,TR,2021-04-13 04:41:22,39.0287,43.3586,33.8,93,75,11.5
486,Chake Chake,TZ,2021-04-13 04:41:23,-5.2459,39.7666,77.0,88,93,10.6
487,Chingola,ZM,2021-04-13 04:41:23,-12.529,27.8838,60.28,96,100,3.18
488,Donetsk,UA,2021-04-13 04:41:23,48.0,37.8,48.76,84,100,3.42
489,Saldanha,ZA,2021-04-13 04:41:24,-33.0117,17.9442,57.2,77,0,2.3
490,Broken Hill,AU,2021-04-13 04:41:24,-31.95,141.4333,73.4,17,88,18.41
491,Boke,GN,2021-04-13 04:41:24,10.9409,-14.2967,75.61,82,55,3.13
492,Emilio Carranza,MX,2021-04-13 04:41:25,19.9711,-96.6114,76.46,79,16,10.07
493,Snyder,US,2021-04-13 04:41:25,32.7179,-100.9176,57.2,41,90,13.8
494,Robertson,US,2021-04-13 04:41:25,36.5167,-86.8667,62.6,45,75,5.75
495,Mount Isa,AU,2021-04-13 04:39:45,-20.7333,139.5,87.8,11,37,5.75
496,Saint-Paul,RE,2021-04-13 04:41:26,-21.0096,55.2707,82.4,69,75,14.97
497,Sao Felix Do Xingu,BR,2021-04-13 04:41:26,-6.6447,-51.995,71.15,97,42,1.48
498,Horta,PT,2021-04-13 04:41:26,38.5333,-28.6333,60.58,89,99,20.07
499,Alugan,PH,2021-04-13 04:41:26,12.2188,125.4808,82.11,77,74,7.78
500,Lazarev,RU,2021-04-13 04:41:27,52.225,141.5131,27.3,95,100,18.9
501,Diamantino,BR,2021-04-13 04:41:27,-14.4086,-56.4461,69.96,93,1,3.51
502,Codrington,AU,2021-04-13 04:41:27,-38.2667,141.9667,68.09,34,93,25.48
503,Taos,US,2021-04-13 04:37:14,36.4072,-105.5731,48.2,31,40,26.46
504,Shingu,JP,2021-04-13 04:41:28,33.7333,135.9833,66.2,77,75,14.97
505,Diffa,NE,2021-04-13 04:41:28,13.3154,12.6113,77.81,18,67,9.17
506,Camargo,MX,2021-04-13 04:41:28,27.6667,-105.1667,71.89,14,0,13.49
507,Sayhat,SA,2021-04-13 04:41:29,26.4852,50.0405,78.8,69,40,9.22
508,Lumeje,AO,2021-04-13 04:41:29,-11.55,20.7833,64.76,92,98,4.34
509,La Asuncion,VE,2021-04-13 04:41:29,11.0333,-63.8628,77.27,90,47,11.95
510,Ngorongoro,TZ,2021-04-13 04:41:29,-3.2397,35.4875,52.48,94,92,5.17
511,Gisborne,NZ,2021-04-13 04:41:30,-38.6533,178.0042,72.01,67,63,6.6
512,Seddon,AU,2021-04-13 04:41:30,-37.8068,144.8916,68.0,52,100,27.63
513,Tsiroanomandidy,MG,2021-04-13 04:41:30,-18.7667,46.0333,68.23,82,100,2.8
514,Lakhdenpokhya,RU,2021-04-13 04:41:31,61.5198,30.1992,48.0,88,100,4.14
515,Adrar,MR,2021-04-13 04:41:31,20.5022,-10.0711,72.5,15,29,11.77
516,Puerto Ayacucho,VE,2021-04-13 04:41:31,5.6639,-67.6236,74.64,88,74,0.31
517,Benguela,AO,2021-04-13 04:36:33,-12.5763,13.4055,81.14,69,61,2.17
518,Belmonte,BR,2021-04-13 04:41:32,-15.8631,-38.8828,71.6,83,0,2.3
519,Barranca,PE,2021-04-13 04:41:32,-10.75,-77.7667,66.87,87,99,5.35
520,Atakpame,TG,2021-04-13 04:41:32,7.5333,1.1333,74.75,78,69,4.76
521,Langsa,ID,2021-04-13 04:41:15,4.4683,97.9683,91.24,52,98,2.8
522,Aksu,CN,2021-04-13 04:41:33,41.1231,80.2644,60.84,27,97,11.68
523,Dhangadhi,NP,2021-04-13 04:41:33,28.7079,80.5961,96.94,9,0,5.12
524,Kupino,RU,2021-04-13 04:41:33,54.3663,77.2981,33.4,100,99,10.31
525,Santa Barbara,US,2021-04-13 04:41:33,34.7333,-120.0343,51.01,81,90,4.61
526,Grand Gaube,MU,2021-04-13 04:41:34,-20.0064,57.6608,81.0,77,100,4.0
527,Acarau,BR,2021-04-13 04:40:26,-2.8856,-40.12,76.19,90,36,9.64
528,Vevey,CH,2021-04-13 04:41:34,46.4612,6.8433,33.01,84,12,1.01
529,Kattivakkam,IN,2021-04-13 04:41:34,13.2167,80.3167,89.6,58,40,5.75
530,Tadine,NC,2021-04-13 04:41:35,-21.55,167.8833,75.33,91,81,4.38
531,Gustrow,DE,2021-04-13 04:41:35,53.7972,12.1734,35.01,93,20,8.05
532,Senta,RS,2021-04-13 04:41:35,45.9275,20.0772,41.14,87,100,8.5
533,Nemuro,JP,2021-04-13 04:41:36,43.3236,145.575,53.6,71,75,21.85
534,Verkhovyna,UA,2021-04-13 04:41:36,48.1557,24.7911,48.02,78,15,1.77
535,Yabelo,ET,2021-04-13 04:41:36,4.8833,38.0833,62.69,74,99,5.82
536,Klyuchi,RU,2021-04-13 04:41:37,52.2667,79.1667,40.84,81,100,14.16
537,Esil,KZ,2021-04-13 04:41:37,51.9556,66.4042,40.15,93,100,12.12
538,Najran,SA,2021-04-13 04:41:37,17.4924,44.1277,77.0,44,0,6.91
539,Dawson Creek,CA,2021-04-13 04:40:18,55.7666,-120.2362,39.2,41,1,13.8
540,Buin,CL,2021-04-13 04:41:36,-33.7333,-70.75,71.01,58,0,3.44
541,Dawlatabad,AF,2021-04-13 04:41:38,36.4141,64.9053,69.39,31,6,6.11
542,Rio Gallegos,AR,2021-04-13 04:41:38,-51.6226,-69.2181,51.8,50,0,16.11
543,Hamina,FI,2021-04-13 04:41:38,60.5697,27.1979,44.01,70,75,4.61
544,Arkhangelsk,RU,2021-04-13 04:41:39,64.5401,40.5433,48.2,53,20,4.47
545,Sabya,SA,2021-04-13 04:41:39,17.1495,42.6254,80.6,78,20,4.61
546,Ulcinj,ME,2021-04-13 04:41:39,41.9294,19.2244,51.8,76,90,6.91
547,Nabire,ID,2021-04-13 04:41:40,-3.3667,135.4833,92.44,50,9,13.15
548,Atasu,KZ,2021-04-13 04:41:15,48.6814,71.6433,55.29,31,7,18.32
549,Tuatapere,NZ,2021-04-13 04:41:40,-46.1333,167.6833,55.99,95,100,1.99
550,La Rioja,ES,2021-04-13 04:41:40,42.25,-2.5,41.0,93,0,1.14
551,Mansa,IN,2021-04-13 04:41:41,29.9833,75.3833,97.59,11,51,4.34
552,Coahuayana,MX,2021-04-13 04:41:41,18.7333,-103.6833,68.97,90,35,3.36
553,San Ramon,US,2021-04-13 04:41:41,37.7799,-121.978,57.99,71,1,8.05
554,Gadsden,US,2021-04-13 04:41:42,34.0143,-86.0066,57.2,88,1,0.83
555,Neuquen,AR,2021-04-13 04:37:12,-38.9516,-68.0591,53.6,94,0,3.44
556,Sakakah,SA,2021-04-13 04:41:42,29.9697,40.2064,53.6,43,0,11.5
557,Antofagasta,CL,2021-04-13 04:36:44,-23.65,-70.4,60.8,77,0,1.14
558,Avera,US,2021-04-13 04:41:42,33.194,-82.5271,62.6,63,1,4.61
559,Namwala,ZM,2021-04-13 04:41:43,-15.7504,26.4384,59.14,93,1,4.25
560,Bingol,TR,2021-04-13 04:41:43,38.8847,40.4939,40.42,87,94,2.73
561,Nome,US,2021-04-13 04:41:43,64.5011,-165.4064,32.0,93,90,9.22
562,Lixourion,GR,2021-04-13 04:41:44,38.2019,20.4314,56.88,62,89,4.0
563,Pendembu,SL,2021-04-13 04:41:44,8.1,-10.7,73.63,99,79,1.59
564,Atlantic City,US,2021-04-13 04:39:27,39.3643,-74.4229,46.4,87,90,5.75
565,Cananeia,BR,2021-04-13 04:41:44,-25.0147,-47.9267,70.93,88,100,6.89
566,Ust-Ilimsk,RU,2021-04-13 04:41:44,58.0006,102.6619,33.58,97,100,9.22
567,Upata,VE,2021-04-13 04:41:45,8.0086,-62.3989,79.0,89,77,1.01
568,Mahibadhoo,MV,2021-04-13 04:41:45,3.7833,72.9667,82.92,71,43,5.66
569,Ketchikan,US,2021-04-13 04:41:45,55.3422,-131.6461,38.71,84,100,3.42
570,Luanda,AO,2021-04-13 04:39:26,-8.8368,13.2343,78.8,94,75,5.53
571,Clovis,US,2021-04-13 04:41:46,36.8252,-119.7029,73.4,31,20,6.91
572,Vila Franca Do Campo,PT,2021-04-13 04:41:46,37.7167,-25.4333,60.8,94,75,17.27
573,Lagoa,PT,2021-04-13 04:41:46,39.05,-27.9833,60.33,87,88,21.7
574,Watsa,CD,2021-04-13 04:41:47,3.0372,29.5355,63.23,98,100,2.75
